Id,Predicted
0293a8c7-b69e-4c58-8caf-4a58e17bbacb_kir,[UNK] [UNK] [UNK] [UNK] [UNK] [UNK] [UNK] [UNK] [UNK] [UNK] [UNK] [UNK] [UNK] [UNK] [UNK] [UNK] [UNK] [UNK] [UNK] [UNK] [UNK] [UNK] [UNK] [UNK] [UNK]
02d89130-e6e5-4aea-88ed-99e100aafe84_tha,[UNK]
04763763-d79a-4a97-a529-20c5178d7d2d_tha,[UNK] [UNK] [UNK]
0478f1ca-3db4-4025-a838-255d45b2c603_hau,shanshani ta buɗe baƙi wajen saka ƙwallon. shanshani ta saka ƙwallon har tana saka ƙwallon har da kai. shanshani tana saka ƙwallon har tana saka
04a00291-ef0f-4bb5-8b37-75d300ceffaf_kir,[UNK]
095b71cc-ef78-4861-af3f-5353c1bfcc59_tha,[UNK]
0961231d-c9a7-4589-b5da-cf37b6016ccc_tha,[UNK] [UNK] [UNK] [UNK] [UNK] [UNK] [UNK] [UNK]
09bb3c0d-e00b-4c6d-978f-218874717a72_tha,ผู้แจกแจ้งว่า  จะมาแน่นอน ﻿จะไม่ลาจร        รอรับอีกทีวันสองจึงมา        ยืนหน้าอย่างดี โชคร้ายเสียนี่        แจกท้ายมาหน้า
0ab98ba1-784e-4ff2-b388-8673d3dbe98e_tha,ณ [UNK] [UNK] แม้ว่าเขาจะเหน็ดเหนื่อยเพียงใด [UNK]
0cbcf57f-5726-4184-bb15-13ac7f067ae3_tha,[UNK]                                          [UNK]                                          [UNK] ๆ [UNK] [UNK]
0da41c23-0b28-46ba-853c-bbef07dfbbbc_kir,"[UNK] жан [UNK] кичине, калың [UNK] чыгып, балдар шаңдуу ойноп жаткан [UNK] [UNK] түштү. – [UNK] короодо ызы-чуу боло баштады. [UNK] Сен [UNK] Экөө дээрлик"
0de1bb36-93b8-4457-9570-33b72827c2f0_kir,"[UNK] болгондуктан, [UNK] [UNK] [UNK] [UNK] [UNK] [UNK] менен Ит тепти. Көрсө, суу ташкыны алып, [UNK] кылып жатышат."
0df6e791-2aab-4a7d-8c87-077cdc47c674_kir,[UNK] өзүнүн Алар да [UNK] да [UNK] сыйкырдуу [UNK] өзүнүн Алар да гүлгө [UNK] гүлгө [UNK] титиреп келишти. Мен [UNK] аттуу [UNK] Чын менен [UNK]
0e8b77a0-5533-427a-a9cd-44197dff61a7_hau,bayinsu isuwa. sai allah ya ɗaure kafafunsu da dukan abincin abin da dukan girbin isra’ilawan ne. ya tsorota sarai da allah ya aike da yawa
0fc50966-6770-43f4-a30c-547300dd9972_kir,[UNK] нече [UNK] нече күндөн бери [UNK] ошондуктан [UNK] көркүнө чыкты. – Чоң [UNK] астына [UNK] Азыр [UNK]
1001fff1-27a4-4423-bf17-8c0f99643b99_kir,[UNK] [UNK] [UNK]
10af9d71-faf2-43da-a96f-729e5cc10a12_hau,"sai allah ya fara neman ruwa. duk arba’in bayan da duk allah. sai allah, sai allah ya raba baru tafiya sai dabba da allah ya"
1278528d-1cfe-4516-ad37-f700823444dd_hau,"lokacin da kaza tana shigowa gida, sai ta gamu da uwar shanshani. sai ta gamu da uwar shanshani. sai uwar uwar shanshani. sai ta ga"
1466e119-be90-489d-814f-28c99752d2bf_tha,[UNK] [UNK] [UNK] [UNK]
14b81a5c-0547-4818-a1a5-5c33ec537d04_kir,[UNK] [UNK]
161317c8-7265-4968-9d2d-01fd90990367_hau,kwatsam sai uwar abokansa uwarta sun haɗa da kyau.
18c8ead0-5ae4-42cc-8967-797b2a280424_tha,นึกแล้วน้อยจิต  ชีวิตเราหนา คงเป็นเพราะว่า      ตระหนี่ถี่เหนียว
1b9fabf4-2d3b-438e-87d7-f6945979201c_hau,ga [UNK] sai ga tsirrai. wasu malam modi ba su biyan abinci.
1bbc7ebe-30f2-40e4-b760-c2265c1846ed_hau,ali ka fita tara.
1e062e4b-f7c1-496b-b356-420308816a1c_hau,jargwada ba tare da kunne wa yanka wa mutane a ɗebo ruwa. kuma a ɗaki iri-iri.
1e14eb88-6946-465e-b116-72fcfe1bdf6e_hau,baƙo ka yi wanki.
20daeb3b-d1f3-43ce-a1ee-b80008e3f8be_hau,babban ɗan allah ya ce mai wani babbar hanya ko da wani ƴaƴan kowa ka mai ƙarfi. sai ya cewa wani kar ka yi wata
21de83c5-dfbb-42ff-a73d-82855ed8212c_hau,kaza ta yi ta tari sai take wani icce.
23457dd3-3afa-4526-a9eb-f5589261bad3_tha,[UNK]
25b881be-6dfa-4dfa-8e5a-6f6effc5e249_tha,[UNK] [UNK] [UNK] และ กริ๊ง [UNK] [UNK]
274acbf4-8bdb-4b68-93f1-f8a17dfccfea_hau,"sai allah ya cewa ƙafar kuma fir’auna ba mai tsarki, kuma allah sai yesu ya fita daga mutuwa, kuma yaran ƴaƴan ban mamaki. isra’ilawa daga"
2bf59dd7-c1a4-4bfa-839b-e2672c52c9a8_tha,[UNK] แต่กลับมายิงนก    [UNK] [UNK] [UNK]
2c70f922-db97-4ce2-b8bb-a8b27870d741_kir,"[UNK] [UNK] бактын [UNK] [UNK] оңой өтө жай алып [UNK] келип [UNK] [UNK] бактын бутуна [UNK] [UNK] бутуна [UNK] алып, аны алып келди. Ал эми"
2c9fc442-1a17-45fa-9f4f-141930cd4468_tha,[UNK] [UNK]
2e09915a-a077-4194-a9d7-187386005a06_hau,mutumen da ya tafi kusa da yake wani mutum don ya iya gani wani mutum mai dutsi mutum na da yake jirgin iyalinsa suna taimakon
2fd6ff51-a8a2-499e-85cc-f194a32ddf6d_tha,[UNK] และตกลงกันว่าไม่เผาตอฟาง [UNK] [UNK]
32d50216-4f6d-49ad-9433-81aab12005b0_tha,วันสามมารอ       และขออยู่กลาง ขอทานกล่าวอ้าง    [UNK] แต่แจกหัวท้าย  โชคร้ายที่หนึ่ง เขาต้องตะลึง       ไม่ถึงอีกครา
3517325b-f7c3-45f3-a81f-27de7b3baa26_kir,[UNK] [UNK]
366224db-9b19-45fe-afc2-1659184e5444_tha,[UNK] [UNK]
36fa1c45-46c3-4f1a-bc12-b412cede816e_hau,a kan gari. sarki ya san yanata murna.mage ta fita. kare ke karɓa dawan ihu. kunkuru ya zo wurin ihu tare. kaza takan zauna a
3bcbd975-0cc5-4e8a-82cf-9479fd1b6d1f_kir,Андан кийин кайра кайрылып келип жатат! [UNK] [UNK]
3befa5b9-3c7c-47af-9f88-13182809be5d_tha,"[UNK]                                      แต่คงไม่ใช่นา   [UNK] [UNK]               [UNK] """
3e118a7b-7ec8-444b-8096-6c47d081de5c_kir,Ошол маалда шамал заматта болуп калды.
3f2b9e45-8d41-408a-a36f-640285f63131_tha,[UNK] ตูมตาม  เป๊ก  อาร์ท  กริ๊ง [UNK] [UNK]
44fb6f8f-86fc-4255-8b13-0c0cee3b50fe_tha,[UNK] [UNK]
4524fabf-0e07-4b7f-8319-f917886d1479_tha,[UNK] [UNK]
48be99d1-a017-4aff-af69-8a5fa6d3442e_hau,tun daka shi cin kaza shiri.
490f3269-0a81-4643-bbbe-f13703bda8de_hau,giwa na wata giwa. giwa na kishin zaki. giwa tana da zafi.
497b1ad8-539b-4aa1-a8a0-9ab042ab0811_tha,"[UNK] "" [UNK] [UNK] [UNK] [UNK] [UNK] และมีหินสีขาว [UNK] [UNK]"
49ba950e-e4da-4b2e-8128-72f20ad5c857_kir,[UNK] [UNK] [UNK] [UNK] [UNK] [UNK] [UNK] [UNK] [UNK] [UNK] [UNK] [UNK] [UNK] [UNK] [UNK] [UNK] [UNK] [UNK] [UNK] [UNK] [UNK] [UNK] [UNK] [UNK] [UNK]
4a75c38e-efe5-431c-b76e-5f73b9ed3f37_hau,baƙo ya ji wasa. dabbobi na noma. kaka mai kyau. kyau. babansu ma tana sa bayan gidan dutse. ana gwaji. kowane yaro yace shi ma
4b9b81a9-eed8-4999-8056-4730c4628765_kir,[UNK] менен [UNK] [UNK] [UNK] [UNK] [UNK] менен [UNK] [UNK] [UNK] [UNK] менен [UNK] [UNK] [UNK] [UNK] [UNK] [UNK] [UNK] [UNK] [UNK] [UNK] [UNK] [UNK]
4f731aa7-b1ab-4fcd-9e00-0f37ecf592b9_tha,[UNK] [UNK] 3 [UNK] หมายถึง       เด็ก ๆ [UNK] ข้อคิด     : [UNK] ในจังหวัดบุรีรัมย์ [UNK] [UNK]
543cc2b5-e718-47b6-8510-f8bd991e6478_tha,[UNK]           [UNK]
54ff5e6a-578d-46d6-bc74-4dc81a28b823_kir,[UNK]
553a1c60-cfb7-45a1-84e0-d400d45b6766_hau,"sai yesu ya samu yesu, “ina addinin, allah. yesu zai yi wa sata, kuma sai allah yana kuma aka yi wa giciyen. amma yesu ya"
5619aa7f-4b1a-47a9-a41e-dce5dd5af75e_tha,"[UNK]                   ใครเอ่ยขอมา   [UNK] 3 คน [UNK] "" [UNK]"
58d4225b-0729-44e6-b364-da182896b90b_kir,[UNK] – [UNK] [UNK]
59602c7b-dc93-49cb-8383-d80b7e2fb77c_kir,Осмон менен [UNK] [UNK] [UNK] [UNK] [UNK] [UNK] [UNK] [UNK] [UNK] [UNK] [UNK] [UNK] [UNK] [UNK] [UNK] [UNK] [UNK] [UNK] аны менен [UNK] [UNK] [UNK]
5b03c386-3de2-4a0a-9a0b-32b96c8ef5e4_kir,[UNK] да [UNK] [UNK] чоң топко [UNK] [UNK] [UNK] гана үн [UNK] [UNK] [UNK] карай өсүп алдык.
5b0eff17-f8a0-4342-a578-4ed824517dc3_kir,Күчүк Мышыктын Күчүк короого жүгүрүп кетти.
5c5c3435-5934-4cde-8bd4-bb6b4d65533b_tha,"[UNK] [UNK] เราเอาแครอทมาคืนให้""   [UNK] [UNK] [UNK]"
5d9cf303-71f7-4366-8af3-7ac33e1e8a29_tha,[UNK] [UNK]
5e3a3480-d547-4d0b-bdc0-2f18a3e5184e_tha,[UNK] [UNK]              [UNK]
5f4c3cb4-ea87-46e6-8be6-20e01ed50467_hau,"allah ya cewa banda wata ce, yahudawa zuwa wannan krista a gonar, sai Ɗan allah yana ga ƴaƴan gona. ya ce, yesu, banda wata shida,"
5fb01c30-9749-4a8c-9c26-2e594707f120_tha,[UNK] [UNK]
5fbb5354-dad1-403f-a679-697b98dceb67_kir,[UNK] [UNK] [UNK] [UNK] [UNK] [UNK] [UNK] [UNK] [UNK] [UNK] [UNK] [UNK] [UNK] [UNK] [UNK] [UNK] [UNK] [UNK] [UNK] [UNK] [UNK] [UNK] [UNK] [UNK] [UNK]
60953918-8e7b-4870-a8f3-c6ef9d7ba823_kir,[UNK] [UNK] [UNK] [UNK] [UNK] берген.
614e084a-e741-463d-8937-8ba020e34383_kir,"– [UNK] [UNK] Жакшы кал, [UNK] [UNK] эмесмин. Бардык [UNK]"
627c4da6-3a29-4ff0-8c4d-43ffce6b3dee_hau,mai riga na da soyayyen nama. na wasa a huta da rabi tana son rabi na da rabi kusirn sayi sanda. na daka. rabi na
638cc9ec-b4db-4013-91be-8b4754232678_tha,[UNK] [UNK]
6930b95b-6282-4583-8d3b-aa29fc0da2ce_kir,[UNK] [UNK] [UNK] Анын [UNK] [UNK] Анын көз [UNK] [UNK] Анын [UNK] [UNK] [UNK] [UNK] [UNK] Анын канаттары [UNK] боёкту [UNK] [UNK] [UNK] [UNK] [UNK]
6bd3c4dd-685a-4f76-86ad-b7d77c22122e_kir,Ар [UNK] [UNK] деп [UNK] кичинекей нерсе деп иштейт. Ал да [UNK] окуйт. Бизди жаңы келген жок. Ал үч [UNK] арасынан [UNK]
7113c1ea-feeb-4a12-abc8-59b5472acc4b_kir,[UNK] Кара туңгуюк – [UNK]
74192351-5bbf-4e7f-8a67-a91a083c61d5_tha,[UNK]
7836836c-1ab2-4ab5-8b7a-be1fb8d41920_tha,"[UNK] "" [UNK] [UNK] [UNK]                             [UNK]                   [UNK]"
78eb3676-50cb-4b61-887e-257ed74cc1b1_hau,ka na da kunne. na da girma.
791b45d0-ca91-45a4-aa1a-6e3f34a73267_hau,sai kaza ta buɗe babban bakinta ta hadiye shanshanin.
7a3206d6-21a1-498f-9fda-1f30142d5ed2_kir,[UNK] [UNK] [UNK] [UNK] Кыял [UNK] [UNK] [UNK] [UNK] [UNK] териси дагы эки [UNK] [UNK] арасынан ийинине кирип кетти.
7aeebdf8-9227-4740-a93a-ff1cc1593c80_kir,– [UNK] [UNK] [UNK] – деп кыйкырды [UNK]
7ba4dcf5-7297-450f-8321-76380780fe39_kir,Анын [UNK] [UNK] [UNK] [UNK] [UNK] [UNK] [UNK] [UNK] [UNK] [UNK] [UNK] [UNK] [UNK] [UNK] [UNK] [UNK] [UNK] [UNK] [UNK] [UNK] [UNK] [UNK] [UNK] [UNK]
7d5ad38d-6875-43f2-bda0-d72ad67f5704_kir,– [UNK] [UNK] [UNK] [UNK] [UNK] [UNK] [UNK] [UNK] [UNK] [UNK] [UNK] [UNK] [UNK] [UNK] [UNK] [UNK] [UNK] Мен [UNK] [UNK] [UNK] Бизди кимиси кайда
7f9fbf12-d474-4686-9174-c9e5a3dba43e_hau,damina ta zo. zomo ya shirya. kunkuru ba zomo yana son ya kare.
801fc81c-3a66-4ee0-87cc-ef40226908f1_hau,ina iya wasa ba. shanshani ta iya wasa ba. shanshani ta yi ta dariya saboba abokiyarta ta yi wasa a yi wasa ba. shanshani ta
81070f48-e7ae-4479-a6d8-dd7bc93620ee_hau,ina kada a itace. mulongo da hasken kogi. sai rana sai mai muryar iyayensu. yana cin ƙasa. sai fara fitar da dukan wurin. sai ina
8130b3dd-85df-4e0c-a2bc-4de03899cee7_hau,"Ƴan’uwan basu sake gaji ba. sai yesu ya yi masa can, wata fara yi masa sai yesu ya faɗi bisa lokaci sai yesu ga mutumen"
838ddfbb-1cda-45f2-b8ef-4001368467de_hau,ga yaya sanda.
83c4b864-d64b-4574-adb6-64f56f1a0259_hau,a raba musu magana. ladi tana cin biyu. ladi na rayuwa biyu. mai daɗi.
84cc2b95-f5be-443e-a85f-bb1867d2d388_tha,รอมาแสนนาน  ขอทานอ่อนล้า ของที่แจกมา        ไม่ถึงสักทีขอทานเสียใจ        ทำอย่างไรดี หมดหวังแล้วซี       ของที่หวังไว้
85f68384-4c25-4e20-a10e-1962f499a438_hau,"nana da ado komi, satar abba ya sayi yanda ka ci nama. nana da sayar da sayar wa"
8981a9ed-560d-4b59-9456-114a4035ed3c_hau,iro ya ci gaba da wuri. iro ba likita suna sha'awar son iro ba ya karatun boko. malam abubakar yakan yi kirki. iro yana sha'awar
8a0b45fa-cab8-404b-baf5-b221c33c40dc_tha,ไฟไหม้เรือนชาน ช่างน่าสงสาร         บูบู้  :  [UNK] ใต้ร่มไม้ใหญ่ [UNK] [UNK] [UNK] ใต้ร่มไม้ใหญ่ [UNK] [UNK] [UNK] ใต้ร่มไม้ใหญ่ [UNK] [UNK] [UNK] ใต้ร่มไม้ใหญ่ [UNK] [UNK] [UNK] โต๊ะเขาขาว  [UNK]
8a28a196-5045-406f-bc64-6559e0bf73e1_tha,"[UNK] เด็กๆ  ไปเล่นซนที่ไหนมาอีกล่ะ""  [UNK] [UNK]"
8be9c93e-65c9-4ebf-9b18-c0731511ae49_kir,Бардык [UNK] [UNK] [UNK] [UNK] [UNK] [UNK] [UNK] [UNK] [UNK] [UNK] [UNK] [UNK] [UNK] [UNK] [UNK] [UNK] [UNK] [UNK] [UNK] [UNK] [UNK] [UNK] [UNK] [UNK]
8d9cfaa3-4a25-420c-b279-edda657375b2_tha,[UNK] [UNK]                  [UNK] [UNK]
8ebb9b35-a69f-4b5a-a316-5fcf0721c4fd_hau,uwar shanshanin ta fara yin wani wari. sai kaza ba. duk duk wani wari. sai kaza ta yi ihu “ki yi ihu “ki yi wani
8fad711e-d34b-4a5f-91d7-1c71be1f0c3a_kir,[UNK] [UNK] [UNK] [UNK] [UNK] жүрөт. [UNK] [UNK] [UNK] [UNK] [UNK] [UNK] [UNK] болот. [UNK] болот. [UNK] болот. [UNK] сыяктуу [UNK] [UNK] [UNK] [UNK] [UNK]
90b51955-8ed2-48c6-913d-d5d656c9c2a8_kir,[UNK] [UNK] [UNK] [UNK] [UNK] [UNK] [UNK] [UNK] [UNK] [UNK] [UNK] [UNK] [UNK] [UNK] [UNK] [UNK] [UNK] [UNK] [UNK] [UNK] [UNK] [UNK] [UNK] [UNK] [UNK]
925eef0f-11cf-4d2d-a8cd-f8fdcf500c3b_hau,tambayoyi 1 uwar shanshani ta dubu kewayenta da kyau. muryar gangar-jiki ce uwar shanshani take faɗi. uwar shanshani take faɗi. uwar shanshani ta dubu kewayenta
927ee0e4-7fd9-4e09-99a6-7a4c23944a3c_tha,[UNK] แวววาวระยับ [UNK]
92c27f6d-3093-482b-894e-e2bc497f6130_hau,kaza ta yi attishewa kuma take take tari. shanshani bai ciyuwa!
97d5aee9-06b9-42ae-bffc-2837d9a2fc42_hau,giwa na gandu. dabbobi ba. an yi shawarar gyarawa.
98780289-161d-4be4-a0a3-4d580512d1be_hau,"mai magana da sadiya bai saka [UNK] ta sayan abinci. ya amsa, daɗin yin sarki. ta sanar da kayan sarki. yusufu bai yi shara. babana"
9ff8dc3a-f4c3-410e-8da3-56c73230b584_kir,[UNK] Дем алыш күнү Асел [UNK] [UNK] менен Күчүк Мышыкты [UNK] [UNK] Ит асма [UNK] жардам беришти.
a1c726be-c86c-4c8e-a6b6-be576e959e77_tha,[UNK]
a2562a8f-b957-40f5-a59f-8dae9e5f2bf4_tha,[UNK] [UNK] 3 [UNK] แต่โจ๊กไม่ได้มีนิสัยดีเหมือนแจ็ค  เลอะฝุ่นมามากมายจัง
a2f70594-3909-4bf7-9163-2e1b05141888_tha,[UNK] หรือ แม่วัวก็ได้สอนลูกว่า     [UNK] [UNK] [UNK]
a35d49e6-e3b7-44ce-8eec-0e5c3cfb0add_hau,a kan nemo kura. [UNK] tare na kawo kura.
a6d42e51-0a51-4277-aeaa-d5a3b3bf4792_tha,ผลบุญหนุนนำ    ช่วยค้ำจุนให้ สุขกายสุขใจ          ตลอดไปเอย
a7823ed5-dbdd-428c-bc16-a19381fad2a1_tha,ผู้แจกเสียดาย      โชคร้ายไม่ได้ จึงบอกอยากให้      รอนะพรุ่งนี้
a7892ea7-689b-4565-be0d-ebc8578e9ec6_kir,"Кош бол, Мышык! Кош бол, Күчүк! Кош бол, Пил!"
a8d7a220-aaa9-4372-bb65-74926ff2d8a8_tha,[UNK] [UNK]
a9797210-2375-4b60-b8a5-61c64dde8a8f_hau,"allah ya kasance!,” sai allah yana kyau sai kuwa ya ɗauki kyau yana da kyau yana cewa, sai allah ya kasance!,” sai ya kasance!,” sai"
ab0320af-8b2b-4440-a87d-a4e176a18b99_tha,[UNK] [UNK] และมีฟันแหลมคม [UNK] [UNK] [UNK]
ac2d2c6b-0d5a-4c83-ba33-5992a721b942_tha,[UNK]
adcacc3b-dc27-4fec-952d-efcaa4b79578_kir,– Эмнеге ыйлап да [UNK]
aef76a4f-1ecf-43c0-9d3c-bc8960e9490c_hau,kashin al'adar na yi wa tulun ƙwanta. lamurran gabansa kawai madugu lamurran gabansa kawai suka ji daɗi biyu. yadda take gaisuwarta.
afe18ccc-496a-4ff8-bb99-596d63ebb762_kir,"Жаңы келген [UNK] [UNK] үй экен, – деди [UNK] [UNK] сезилет. Азатты ал [UNK] [UNK] колунан учуп, 2 [UNK] [UNK] Жөргөмүш тамакты үй-бүлөм менен аташкан."
b0781e1e-094a-421c-bb94-6e6bf59a85b9_tha,[UNK] แต่หนูเก๋ไม่ยอมไปแปรงฟัน         [UNK] [UNK] [UNK] [UNK]         [UNK] [UNK]
b317e524-47f8-4c34-aa32-6a6253a1d448_hau,asabe ta ce ta bari. za ta saba. jiki. ina iyayenta sun ce ta fara murna karo da nata sata. me ya bari. tala ta
b65ac354-fdc4-49c6-a519-c510ae0f262e_kir,Эгерде [UNK] [UNK] [UNK] [UNK] [UNK] [UNK] [UNK] [UNK] [UNK] [UNK] [UNK] [UNK] [UNK] [UNK] [UNK] [UNK] [UNK] [UNK] [UNK] [UNK] [UNK] [UNK] [UNK] [UNK]
ba4fbb05-1676-41f2-9e03-f37ab10f2eb6_kir,[UNK] Күнгө кепка [UNK] үйдүн [UNK] жарык кылган [UNK] Күнгө кепка [UNK]
bbcd72ca-ad5c-4b3a-9f38-947188d045d0_tha,[UNK] [UNK] และปลอดภัยกว่าเดินข้ามถนนหรือทางม้าลาย  [UNK] [UNK] [UNK] เพราะเด็กจะซึมซับและปฏิบัติตาม
bc784fc1-8cde-4622-8717-1827a2fe2852_kir,[UNK] [UNK]
bdba0468-eae0-41b7-b120-25d1c3ed75b7_kir,Ошол күндөн тартып экөө чогуу [UNK] укмуш го? [UNK] [UNK] [UNK] [UNK] Бирок ошондо ал чоңоюп кетти. Эми [UNK] [UNK] [UNK] [UNK] – деп сурады
bdce7182-5a19-4f63-9a12-f57a23ec7754_hau,ga wake a sayi zare. Ɓera mai ɓarna.
bfb3a172-c535-421f-bfa3-5a419c4c5779_hau,wata rana mai farin kan iyaye ya ɗaga hannunsa bisan isra’ilawa su gudu su iri suka shiga cikin dukan wuta. isra’ilawa su kuma akan gina
c0048b4c-fc66-4cb0-a5b3-5ee75c34ba1f_tha,[UNK] [UNK]
c03d20e3-70a4-4bd0-a5a8-74ce44fed2bf_kir,[UNK] [UNK] [UNK] [UNK] [UNK] [UNK] [UNK] [UNK] [UNK] [UNK] [UNK] [UNK] [UNK] [UNK] [UNK] [UNK] [UNK] [UNK] [UNK] [UNK] [UNK] [UNK] [UNK] [UNK] [UNK]
c1911da2-fafc-4ad3-847b-da9154416269_tha,เช้าวันรุ่งขึ้น [UNK] [UNK] ทันใดนั้น [UNK]
c373e1e9-d540-4f27-9c51-3857869845b1_kir,"– Кана, балдар, “Маш [UNK] ойноп [UNK] кандай кызык! Асманда кимдер комуз [UNK] өзүнө чакырып турду."
c3cb117a-dc0e-4631-809f-9689f8953921_hau,kuma kori kuɗa.
c489e001-b61e-4c35-8fdc-3be025e7ac4e_hau,"allah ya ɗaga hannunsa bisan bahar ya mutu, ma na da shi, kuma aka kira baƙi nesa zuwa cikin garken. ya faɗi wani balawiye ya"
c50c7791-3ea4-4d53-9c8a-eec9d56020e1_tha,อยู่มาวันหนึ่ง [UNK] [UNK] ได้กล่าวชมเชยเด็กทั้งสองว่า เพราะคิดว่าพ่อนกไปมีคนใหม่
c690c9e7-4b6f-4d50-9692-1c9ec93a434e_kir,"Үйдүн [UNK] [UNK] [UNK] [UNK] [UNK] Атам да [UNK] окуп, спорт [UNK] – [UNK] [UNK] мени [UNK] коркуп кетти. Ал [UNK] [UNK] [UNK] 100 килограмм"
ca9d9505-8ac9-442e-98ea-1ef8fa884202_hau,Ƴan takarar biyu (2) sun yi niyyar su je bugun da kai da farko shanshani ce mai tsaron gida mai tsaron gida mai tsaron gida
cc2b7bbe-0cc2-409c-9481-3ddcba38c841_tha,[UNK] [UNK] [UNK] [UNK] [UNK] [UNK] [UNK]
cc66f680-0da8-46af-b89d-ebfdb1a04022_kir,Алар [UNK] [UNK] [UNK] [UNK] – [UNK] [UNK] [UNK] [UNK] – [UNK] [UNK] [UNK] [UNK] [UNK] [UNK] [UNK] [UNK] [UNK] [UNK] [UNK] – [UNK] [UNK]
ccf36b42-542d-4f61-8d36-78358a1031eb_kir,[UNK] [UNK] [UNK] [UNK] [UNK] [UNK] [UNK] [UNK] [UNK] менен [UNK] [UNK] [UNK] [UNK] [UNK] [UNK] менен [UNK] [UNK] [UNK] [UNK] менен [UNK] [UNK] [UNK]
ce1c599d-8fa4-4fcc-b62f-e816095eb757_kir,"Кош [UNK] Мышык менен Күчүк [UNK] жакты! – Жакшы кал, сары болуп жүрбөсүн. – Жок, [UNK]"
ced781f5-9303-401b-b2ec-cd772e3f30be_tha,ไปรับของแจก  ไปแหวกฝูงชน ﻿แต่มาหลายคน     จึงต้องเข้าแถว  ขอทานอยู่ท้าย  โชคร้ายเสียแล้ว ไม่อยู่ในแนว         ของแจกหมดก่อน
cfcdb29f-050d-4789-b86e-aa2859eead86_hau,keri yana kullum zaki ya zo. zomo ya ɓoye.
d002c0f2-e953-421b-be6b-437578b61fd7_tha,เศรษฐีร่ำรวย      มากด้วยเงินตรา ﻿ตระหนี่หนักหนา     ไม่ทำบุญทาน
d1ae3aad-3350-418a-bd45-3c0c83d6433a_kir,"[UNK] кирүүгө макул болду. Бирок тиши түшкөн жерден колуна ала кирүүгө макул болду. Ал шаардагы эң сонун кепка алып келип, достору аны көрүп турасыңбы? Ал"
d6fd35e3-a846-44fc-aa39-19206a42041b_hau,ina cewa sama. kuma ina jin daɗin yi aljana na taɓa sayar da lokaci ba zata yi sama ke sha ruwa mai tsaron jikin ina
d783941b-149d-4078-b02a-2c48de172f6c_hau,"isra’ilawa ta bar damisa ta ɗauke ta bar muna bar allobar, allah ya ɗauke ita ke faɗin wurin nagarta da dare, fir’auna, wanda ke cinye"
d880c8b0-c938-4b7e-9a5b-49e706be501c_kir,– [UNK] [UNK] [UNK] [UNK] [UNK] [UNK] – [UNK] [UNK] [UNK] [UNK] [UNK] [UNK] [UNK] [UNK] [UNK] [UNK] [UNK] топту турат. Анан [UNK] [UNK] [UNK]
d9b53da4-a571-4302-b761-5bbdfc29f272_tha,[UNK] [UNK]
d9d28ab2-22d0-4bc4-afac-0608aba7ee0d_tha,วันหนึ่ง [UNK]
db01ba74-0996-4274-8cba-f1e6e02aae42_hau,"“‘bayani, ina cewa yakubu, sai yesu kuwa cewa da yawa. suna taimakon dukan fada. yana kuma suka yi alkawali da cewa da hasken zafin ciwo"
dc060a5b-f8db-4397-aa90-fb87c4855308_tha,[UNK] [UNK] ๆ [UNK] [UNK]
dc98b26d-1320-4ffa-9d06-523ab9d211c0_hau,sai suka fara wasan. kaza tana da gaugawa amma shanshani ta yi wasan. kaza tana da gaugawa amma shanshani ta yi ta gaugawar. kaza ta
dc9b1db6-f169-43d0-8ae1-2c9b231736ec_tha,ตั้งใจทำงาน    ทำทานไม่เที่ยว ทำบุญอย่างเดียว   ไม่เกี่ยวกับใคร
de925d5a-0981-47b9-91ae-8e94c5759ae0_kir,[UNK] менен [UNK] [UNK] [UNK] [UNK] [UNK] менен [UNK] [UNK] менен [UNK] [UNK] менен [UNK] [UNK] менен [UNK] [UNK] менен [UNK] [UNK] [UNK] [UNK] менен
e16b1ae1-db48-4c27-97b1-294055d82fa3_tha,[UNK] [UNK] [UNK] มีนิสัยเกเร  [UNK] [UNK]
e31c9137-2851-4213-ba0d-056c08e169ee_tha,[UNK] แต่หนูเก๋ไม่ยอมไปแปรงฟัน เพราะยังทานขนมไม่หมด แต่คงไม่ใช่นา       [UNK] [UNK]
e37cd40f-d230-44d2-a798-5b7f7355c772_hau,wata tunani ta fitar ɗebo ruwa. shanu biyu.
e438d426-edd2-4a9a-896f-d6849c592c06_kir,– [UNK]
f2d1ed26-cc43-432d-863c-61d354292dff_hau,nana ki ci kasuwa. ya sayi zane. mama ki ci ruwa.
f2eb9a86-590d-4557-a3a8-439b717f7f81_kir,[UNK]
f31d3a33-8692-44cf-8431-1ef2f98a0c7a_kir,[UNK] [UNK] [UNK] жакшы көрөм.
f68526f4-1288-4200-bbe5-f41a62e872b7_kir,– Эми [UNK] Эмнеге кетип [UNK] [UNK] [UNK] [UNK] [UNK] сага [UNK] [UNK] Ал жактан [UNK] [UNK] жерге [UNK] [UNK] [UNK] – деди [UNK] [UNK]
f82fbccd-de85-4a23-8297-371fab8f2c43_kir,Бул [UNK] [UNK]
f8dff302-7e4c-45be-b3ae-572a9aa0ce40_hau,kiwon shanu a sa wurin babban kifi.
1c1fa153-f419-4a3d-b90f-1e3e8f230fb7_tha,[UNK] [UNK] [UNK] [UNK] [UNK] [UNK] [UNK] [UNK] [UNK] [UNK] [UNK] [UNK] [UNK] [UNK] [UNK] [UNK] [UNK] [UNK] [UNK] [UNK] [UNK] [UNK] [UNK] [UNK] [UNK]
1668d723-62ed-4ce0-94c7-e34d16b53a68_tha,[UNK]
d330e247-72f4-4767-9dde-7b820f1b38df_tha,โตโต้ตั้งใจว่าเมื่อโตขึ้นจะประกอบอาชีพขายปลาส้มตามพ่อแม่  ดอกฝ้าย [UNK]
9ecae442-e7c8-462b-b720-0ef6da539bf8_tha,เช้าวันหนึ่ง [UNK] [UNK] [UNK] [UNK] เพราะอะไร?      [UNK] [UNK] ﻿โรบอทอธิบาย
8d2e6ebf-97fd-45f3-9665-1cc3431c93ad_tha,เอิ๊ก เอิ๊ก แจ้จ้อน [UNK] และไม่โกรธ [UNK] แจ้จ้อน [UNK] ใบหญ้า [UNK] และปลอดภัยกว่าเดินข้ามถนนหรือทางม้าลาย  [UNK] [UNK] [UNK] [UNK] [UNK] [UNK] [UNK] เพราะต้องจัดปลาส้มใส่ถุง [UNK] [UNK] [UNK] และปลอดภัยกว่าเดินข้ามถนนหรือทางม้าลาย  [UNK]
07e702e9-e80c-4e34-aeed-d5585d2c26e9_tha,[UNK] [UNK] คือ [UNK] [UNK]
70af4733-e5f4-4df3-be6a-a1a79a6785eb_tha,เมื่อเขาทั้งสองเดินเข้าไปในถ้ำเขาก็เจอกับหีบสมบัติ  [UNK] [UNK] [UNK]      [UNK] [UNK] [UNK]     เพื่อพลิกชีวิต      [UNK] [UNK] [UNK] [UNK] [UNK]      [UNK] [UNK] [UNK] “แปร๋นๆ แปร๋นๆ [UNK] [UNK] [UNK] [UNK]
9ee1bc72-e95a-4c15-a03c-5b88b4c45f72_tha,[UNK]
c3cd744b-ad22-47e8-b5ac-60beaedf40e7_tha,[UNK] [UNK]      [UNK]
2d0fac53-c205-4389-a3b6-e0661e84bf01_tha,โรบอทอธิบาย [UNK] [UNK]
3654007b-4ecb-4847-b09d-6eab54e0b28e_kir,"[UNK] алып [UNK] Токой аралап баратып, Петрос жана [UNK] алышат."
a6e9670c-ea80-4f22-9c42-4ae8fbc33daa_kir,[UNK] Ал эми даана көрүнүп турат. Ал эми [UNK] [UNK] [UNK] [UNK] [UNK] [UNK] [UNK] өтө турган [UNK] [UNK] [UNK] Ал эми май [UNK] Кичинекей
55a6cd5a-694c-4d22-bb35-d0041a02d0a1_kir,[UNK] [UNK] [UNK] [UNK] [UNK] [UNK] [UNK] [UNK] [UNK] [UNK] [UNK] [UNK] [UNK] [UNK] [UNK] [UNK] [UNK] [UNK] [UNK] [UNK] [UNK] [UNK] [UNK] [UNK] [UNK]
4407c857-711b-4637-aeaf-253a7bcb1c2e_kir,"[UNK] Бирок [UNK] [UNK] [UNK] [UNK] [UNK] [UNK] [UNK] Бирок бүгүн да [UNK] Бүгүн жаан [UNK] Бирок бүгүн да бар деп, Петрос жана [UNK] [UNK]"
69698865-cbc8-45c0-b6df-90e2b3337c8a_kir,[UNK] [UNK] Атасы да жакшы көрөм. Ал апасынын [UNK] [UNK] [UNK] жардам [UNK] жардам [UNK] жөнүндө [UNK] – деп [UNK] [UNK] [UNK] [UNK] [UNK] [UNK]
d53dd565-3710-47eb-b63d-a94610719d69_kir,[UNK] [UNK] [UNK] [UNK] [UNK] [UNK] [UNK] [UNK] [UNK] [UNK] [UNK] [UNK] [UNK] [UNK] [UNK] [UNK] жана [UNK] [UNK] [UNK] [UNK] [UNK] [UNK] [UNK] [UNK]
1a6cd22d-3717-463c-899c-e9996b7d234b_kir,[UNK] [UNK] [UNK] [UNK] [UNK] [UNK] [UNK] [UNK] [UNK] [UNK] [UNK] [UNK] [UNK] [UNK] [UNK] [UNK] [UNK] [UNK] [UNK] [UNK] [UNK] [UNK] [UNK] [UNK] [UNK]
afc213a2-f26d-4023-8c1a-a9812e036a97_kir,[UNK] келе берет. [UNK] Сууда [UNK] [UNK] [UNK] жанынан келе жатат! [UNK] [UNK] келе берет. [UNK] келет. [UNK] [UNK] укмуштуудай [UNK] келе берет. [UNK] [UNK]
06d4f633-edcd-46b5-bd83-f6d349cb5445_kir,[UNK] [UNK] [UNK] [UNK] [UNK] [UNK] [UNK] учуп жүрүшөт. [UNK] [UNK] [UNK] [UNK] учуп жүрүшөт.
d8f01179-768f-4272-8309-b1bbf34188be_kir,[UNK] кар менен [UNK] [UNK] [UNK] жана [UNK] 100 миллион [UNK] жана [UNK] Түштүк [UNK] [UNK] [UNK] [UNK] [UNK] жана [UNK] жана [UNK] жана [UNK]
4da2efe3-40b8-479e-ac83-fb49c144015f_hau,tsiro ya duba babban sayi al’amudin Ƙaguwa tana tsara su zauna bisa iska. dabba na duba kan bagadi da tsara su yi masu ƙwai don
d5aebfec-fb95-48b3-ba1d-d209070b732f_hau,"allah da daɗewa ba, da shi, iso wurin nuhu da fara?"
26ee5073-a94b-41f5-86f3-0c8e9f9c2c56_hau,yusuf ba ta je gidan abinci da yawa a kan nan da yawa a kan shi.
cb10a9ed-6661-4ee1-80d0-d6af03622a91_hau,"yanzu. tana taimako wajen hadaya a kan dokokin ƙaramin ɗan dabba tana kan wurin sawa isra’ila, allah ya ƙetare “su suka kawo su kashe ƙasa"
2347c532-28f7-444c-ba91-6c266cc07a9a_hau,sai wata rana sun rayu a babban abu.
cfe2e28c-e8ea-460b-aee3-158d9377aa07_hau,mai bi bayansu. mutane ke haɗa da [UNK] da yadda suke yi. kowa da shugabannin yahudawa suna haka. shi wurin annabi yake hakura da ke
a88bfc51-ace3-41cf-bd5c-327cff222ab1_hau,"damisa ta ce, babban kuren da ta yi masa da abinci a ɗanɗana [UNK]"
7f2e8ba8-df74-4b60-a345-e1dff3850689_hau,ga yake iya sauraren aikin cikin ƙasar da yahaya ya gwada wa ya ɗauki baru. da yake shiga cikin ruwa.
138e3291-9a14-4ed0-b580-e7c5c3ab16d6_hau,akwai motoci a randa. na sha ruwa.
136c1114-5aef-49c6-abe7-bc9ba0d16e72_hau,akwai hasken na hasken rana. za a rana na da hasken yaya abba. yaya kunne na hasken rana sai babban sayi kayan wankin na rana
dd776423-2e4a-40ee-9cec-8dbde71368df_hau,"mutumen allah ya bar masu taya. ba a sa na da ciyawa da abin da [UNK] wasa ba shi ne allah ya ce masa, “a’a,"
9e818261-77a4-4238-919c-062e568e2955_tha,[UNK]
0167356b-c699-42d2-95ed-ba141c54d159_hau,"tsuntsu ke gina [UNK]   da yawa, kuma ta gina [UNK] da abinci ke riƙe da yake uku. sun gama zunubi ba ta gani ko"
e0331a04-0515-45db-8295-b8d4055f14c2_kir,Мен [UNK] эже [UNK] [UNK] [UNK] эмес [UNK] Анын [UNK] [UNK] жерге эмес эмес [UNK] жибек [UNK] эже [UNK] [UNK] [UNK] [UNK] – [UNK] [UNK]
20b040af-6cc2-4f62-b6ef-52f05e7559a8_kir,"[UNK] абаны эң сонун жалпак [UNK] [UNK] көрсөң, эмне болуп саналат. Анын [UNK] [UNK] турат. [UNK] дарагы"
40139a28-b764-4c8d-b26f-17b343c46760_kir,[UNK] [UNK] [UNK] [UNK] менен [UNK] [UNK] [UNK] менен [UNK] [UNK] менен [UNK] [UNK] сыяктуу [UNK] жана [UNK] менен [UNK] [UNK] [UNK] [UNK] менен [UNK]
